loss,val_loss
60.60588264465332,72.20853939056397
