loss,val_loss
49.00673923492432,70.9706356048584
