loss,val_loss
50.43885192871094,52.77038173675537
