loss,val_loss
130.9310047149658,108.6126651763916
