loss,val_loss
95.98608283996582,87.94983406066895
