loss,val_loss
116.52214584350585,141.468599319458
