loss,val_loss
44.078397560119626,40.3543041229248
