loss,val_loss
63.21621246337891,62.8474681854248
