loss,val_loss
70.16334266662598,83.01817016601562
