loss,val_loss
61.41432361602783,149.29660186767578
