loss,val_loss
83.34089374542236,76.50584392547607
