loss,val_loss
65.9120470046997,34.84997434616089
