loss,val_loss
53.23604907989502,55.57537956237793
