loss,val_loss
62.68562889099121,32.157012176513675
