loss,val_loss
108.17878913879395,63.7420786857605
