loss,val_loss
31.2514404296875,15.065946578979492
