loss,val_loss
55.65968742370605,79.52519149780274
