loss,val_loss
69.99695625305176,51.1919605255127
