loss,val_loss
59.60217399597168,26.18168525695801
