loss,val_loss
63.44030609130859,66.54737663269043
