loss,val_loss
72.3238935470581,34.60803909301758
