loss,val_loss
104.68264579772949,65.83158149719239
