loss,val_loss
72.83371925354004,64.1104507446289
