loss,val_loss
56.43655433654785,25.447627449035643
