loss,val_loss
82.2850498199463,51.816642379760744
