loss,val_loss
65.3542869567871,61.63954257965088
