loss,val_loss
92.83483695983887,66.53870887756348
