loss,val_loss
27.987221908569335,33.99300193786621
