loss,val_loss
47.45370788574219,30.46052417755127
